"","Title","Best_Match","Similarity"
"1","First camera trap record of leopards in Eritrea.","FIRST CAMERA TRAP RECORD OF NAKED-TAILED ARMADILLO Cabassous centralis (CINGULATA, CHLAMYPHORIDAE) IN CORDOBA DEPARTMENT, COLOMBIA","0.348837209302326"
"2","First camera trap records of Indian Crested Porcupine, Hystrix indica Kerr, 1792 from Papikonda National Park, Andhra Pradesh.","FIRST CAMERA TRAP RECORD OF RED PANDA AILURUS FULGENS (CUVIER, 1825) (MAMMALIA: CARNIVORA: AILURIDAE) FROM KHANGCHENDZONGA, SIKKIM, INDIA","0.264"
"3","First photographic record of endemic brown eared-pheasant Crossoptilon mantchuricum by camera-trapping at Jinhuashan-Henglingzi Hemaji Nature Reserve, China.","First photographic record of marbled cat Pardofelis marmorata Martin, 1837 Mammalia, Carnivora, Felidae) in Nepal","0.275862068965517"
"4","Evaluating the utility of camera traps in field studies of predation","Evaluation of the AHDriFT Camera Trap System to Survey for Small Mammals and Herpetofauna","0.318471337579618"
"5","First camera trap record of caracal kittens in Oman.","FIRST CAMERA TRAP RECORD OF NAKED-TAILED ARMADILLO Cabassous centralis (CINGULATA, CHLAMYPHORIDAE) IN CORDOBA DEPARTMENT, COLOMBIA","0.329545454545455"
"6","First photographic record of twin Arabian leopards in the wild.","First photographic records of bush dogs (Speothos venaticus) from camera-traps in Guyana","0.340136054421769"
"7","Using a trail camera to record the breeding behaviour of Saunders's Tern on Farasan Island, Saudi Arabia.","Pre-eradication assessment of feral cat density and population size across Kangaroo Island, South Australia","0.222222222222222"
"8","ON SUS SCROFA (MAMMALIA: CHIROPTERA) IN TURKEY.","Photography as a low-impact method to survey bats","0.21978021978022"
"9","Further lion, Panthera leo senegalensis Meyer, 1826, sightings in Mole National Park, Ghana, and possible first serval Leptailurus serval Schreber, 1776 record after 39 years (Mammalia Felidae).","CONFIRMATION OF THE PRESENCE OF Leopardus pardalis (Linnaeus 1758) (MAMMALIA: FELIDAE) FOR SAUCE GRANDE SECTOR IN EL ANGOLO GAME RESERVE, PIURA, PERU","0.134556574923547"
"10","POPULATION DENSITY ESTIMATION OF THE EUROPEAN WILDCAT (FELIS SILVESTRIS SILVESTRIS) IN SICILY USING CAMERA TRAPPING.","Wild bongo density estimation and population viability analysis improves conservation management","0.267942583732057"
"11","Survey Captures First-Ever Photos of Endangered Jentink's Duiker in Sierra Leone's Western Area.","Early and efficient detection of an endangered flying squirrel by arboreal camera trapping","0.252747252747253"
"12","Rusty-spotted cat in Katerniaghat Wildlife Sanctuary, Uttar Pradesh State, India.","Using capture-recapture models in wildlife camera-trapping monitoring and the study case","0.184049079754601"
"13","First confirmed record of margay in Tortuguero National Park, Costa Rica.","FIRST CONFIRMED BAND-RUMPED STORM PETREL OCEANODROMA CASTRO COLONY IN THE HAWAIIAN ISLANDS","0.2625"
"14","Relative abundance and activity patterns of terrestrial mammals in Pacuare Nature Reserve, Costa Rica","Relative abundance, and activity patterns of mammals at Chimalapa's forest, Oaxaca, Mexico","0.494623655913978"
"15","Relative abundance and activity patterns of terrestrial mammalian species in Barra del Colorado Wildlife Refuge, Costa Rica","Relative abundance, and activity patterns of mammals at Chimalapa's forest, Oaxaca, Mexico","0.461538461538462"
"16","First record of a marine turtle predated by a jaguar in Pacuare Nature Reserve, Costa Rica.","First record of a melanistic golden jackal (Canis aureus, Canidae) from Turkey","0.341463414634146"
"17","First camera trap photos of leopard in the Galiat Forests of Abbottabad, Pakistan.","First camera trap photographs of Indian Pangolin Manis crassicaudata (Mammalia: Pholidota: Manidae) from Pakistan","0.338624338624339"
"18","A leopard cat with its kittens camera trapped in Annapurna Conservation Area, Nepal.","Improving compliance of recreational fishers with Rockfish Conservation Areas: community-academic partnership to achieve and evaluate conservation","0.20353982300885"
"19","First records of Theobroma speciosum fruits dispersion.","First records of 4 felid species in southern Puebla, Mexico","0.303571428571429"
"20","First picture and temporal activity of rusty-spotted cat from Chhattisgarh, Central India.","First photographic records of bush dogs (Speothos venaticus) from camera-traps in Guyana","0.174418604651163"
"21","UTILIZING A MULTI-TECHNIQUE, MULTI-TAXA APPROACH TO MONITORING WILDLIFE PASSAGEWAYS IN SOUTHERN VERMONT.","Using wildlife indicators to facilitate wildlife monitoring in hunter-self monitoring schemes","0.1875"
"22","The Use of an External Telemetric Device on Varanus olivaceus.","The use of remote cameras for monitoring cage traps during animal trapping","0.222222222222222"
"23","First photographic evidence of snow leopard from Lippa Asrang Wildlife Sanctuary, India.","FIRST PHOTOGRAPHIC EVIDENCE OF INDIAN PANGOLIN MANIS CRASSICAUDATA E. GEOFFROY, 1803 IN MUKUNDARA HILLS TIGER RESERVE (MHTR), RAJASTHAN, INDIA","0.324324324324324"
"24","Highest elevation record of tiger presence from India.","Misidentification error associated with classifications of white-tailed deer images","0.177777777777778"
"25","Annual and spatial variation in composition and activity of terrestrial mammals on two replicate plots in lowland forest of eastern Ecuador","No respect for apex carnivores: Distribution and activity patterns of honey badgers in the Serengeti","0.218487394957983"
"26","Camera-trapping and capture-recapture models for estimating cheetah density.","Spatially explicit capture-recapture analysis of bobcat (Lynx rufus) density: implications for mesocarnivore monitoring","0.319148936170213"
"27","Temporal overlaps of feral cats with prey and competitors in primary and human-altered habitats on Bohol Island, Philippines","Temporal activity of rural free-ranging dogs: implications for the predator and prey species in the Brazilian Atlantic Forest","0.220408163265306"
"28","Initial Assessment on Large and Medium Sized Terrestrial Mammal Assemblage Using Camera Trapping in Nangunhe Nature Reserve in Yunnan, China.","An Adaptive Automatic Approach to Filtering Empty Images from Camera Traps Using a Deep Learning Model","0.182572614107884"
"29","Strategies for biosecurity on a nearshore island in California.","Population density of sitatunga in riverine wetland habitats","0.19672131147541"
"30","Observations of leopard and caracal responses to novel scents in South Africa.","Observations of Chinese pangolins (Manis pentadactyla) in mainland China","0.258503401360544"
"31","An assessment of mammals in Naimina Enkiyio Forest, Kenya","AN ASSESSMENT OF MOOSE AND ELK TRAIN COLLISIONS IN ONTARIO, CANADA","0.330578512396694"
"32","African golden cat and leopard persist in the Dja Faunal Reserve, Cameroon.","Efficacy of lethal-trap devices to improve the welfare of trapped wild dogs","0.231292517006803"
"33","Rediscovery of jaguar in an Atlantic Rainforest area, south-east of Bahia State, Brazil.","Rediscovery of otters on the Tsushima Islands, Japan by trail cameras","0.263157894736842"
"34","A landscape-scale assessment of tropical mammals reveals the effects of habitat and anthropogenic disturbance on community occupancy","Effects of nonlethal tourist activity on the diel activity patterns of mammals in a National Park in Peninsular Malaysia","0.159362549800797"
"35","A camera trap assessment of terrestrial mammals in Machalilla National Park, western Ecuador.","A camera trap assessment of terrestrial vertebrates in Bwindi Impenetrable National Park, Uganda","0.462365591397849"
"36","Estimating recruitment from capture-recapture data by modelling spatio-temporal variation in birth and age-specific survival rates","Estimating animal density without individual recognition using information derivable exclusively from camera traps","0.182572614107884"
"37","Movement, home range size and activity pattern of the golden jackal (Canis aureus, Linneaus, 1758) in Huai Kha Khaeng Wildlife Sanctuary, Thailand.","Distribution, habitat use and activity patterns of nocturnal small carnivores in the North Luangwa Valley, Zambia","0.223107569721116"
"38","PREY SPECIES AND HABITAT USE OF DHOLE (Cuon alpinus) IN SALAKPRA WILDLIFE SANCTUARY.","DISTRIBUTION AND HABITAT USE OF THE ENDANGERED DHOLE CUON ALPINUS (PALLAS, 1811) (MAMMALIA: CANIDAE) IN JIGME DORJI NATIONAL PARK, WESTERN BHUTAN","0.210045662100457"
"39","Jaguar in the Tepalcatepec basin in central-western Michoacan, Mexico","Stress in the zoo: Tracking the impact of stress on memory formation over time","0.236111111111111"
"40","Population Biology and Altitudinal Distribution of Caboti Tragopans in Jiangxi Wuyishan Nature Reserve.","Population density and habitat loss of Chestnut-headed Partridge Arborophila cambodiana in south-west Cambodia","0.266666666666667"
"41","SOME ECOLOGICAL ASPECTS OF SIAMESE CROCODILE (Crocodylus sismensis) IN KHAO ANG RUE NAI WILDLIFE SANCTUARY.","Some ecological aspects of dhole (Cuon alpinus) in the Huai Kha Khaeng Wildlife Sanctuary, Uthai Thani Province, Thailand","0.298642533936652"
"42","Could a bird carcass be part of the feeding habits of a Boat-billed Heron Cochlearius cochlearius (Pelecaniformes: Ardeidae)?","Water Use Patterns of Sympatric Przewalski's Horse and Khulan: Interspecific Comparison Reveals Niche Differences","0.164502164502164"
"43","Non-Panthera cats in Nakai-Nam Theun National Protected Area, Lao PDR.","NONPARENTAL INFANTICIDE IN COLONIAL ELEONORA'S FALCONS (FALCO ELEONORAE)","0.177777777777778"
"44","Modelling Niche Differentiation of Co-Existing, Elusive and Morphologically Similar Species: A Case Study of Four Macaque Species in Nakai-Nam Theun National Protected Area, Laos.","Developing a camera trap survey protocol to detect a rare marsupial carnivore, the spotted-tailed quoll (Dasyurus maculatus)","0.156996587030717"
"45","Status of the African wild dog in the Benoue Complex, North Cameroon.","Stress in the zoo: Tracking the impact of stress on memory formation over time","0.263888888888889"
"46","Effects of human impacts on habitat use, activity patterns and ecological relationships among medium and small felids of the Atlantic Forest","Effects of human land-use on Africa's only forest-dependent fetid: The African golden cat Caracal aurata","0.242677824267782"
"47","Kaaiyana, a jaguar with cubs in the Kaa-Iya del Gran Chaco National Park, Bolivia.","ASSESSMENT OF THE MAMMALIAN DIVERSITY IN MARGALLAH HILLS NATIONAL PARK, ISLAMABAD","0.278481012658228"
"48","Geoffroy's cat in Salta Province, a potentially interesting area for subspecies.","Elephants facilitate impact of large predators on small ungulate prey species","0.181818181818182"
"49","First records of the Ocelot (Leopardus pardalis) in the state of Hidalgo, Mexico","First records of the ocelot Leopardus pardalis (Linneaus, 1758) (Carnivora: Felidae) from Catamarca province, Argentina","0.53968253968254"
"50","National lion action plans and strategies in Benin, Cameroon and Senegal.","Software for minimalistic data management in large camera trap studies","0.226950354609929"
"51","Distribution and status of the manul in the Himalayas and China.","Distribution and abundance of Amur tiger, Amur leopard and their ungulate prey in Hunchun National Nature Reserve, Jilin","0.276243093922652"
"52","Camera trap records of Asiatic golden cat at high altitudes in Bhutan.","CAMERA TRAP RECORDS OF TERRESTRIALITY IN FIVE PERUVIAN PRIMATE COMMUNITIES","0.377622377622378"
"53","Daily activity pattern of reintroduced giant anteaters (Myrmecophaga tridactyla): effects of seasonality and experience","Daily activity patterns and habitat use of the lowland tapir (Tapirus terrestris) in the Atlantic Forest","0.229357798165138"
"54","MATERNITY ROOST OF Eptesicus brasiliensis IN A LIANA IN THE SOUTHEAST PERUVIAN AMAZON","Estimation of the Numbers of the Far Eastern Leopard (Panthera pardus) in Russia","0.184049079754601"
"55","Non-Panthera cats in Southeast Asia: present knowledge and recommendations.","Species richness and relative abundance of large mammals in Emas National Park region","0.178343949044586"
"56","Camera-trap Records of Mountain Tapir in Purace National Park, Colombia.","Camera-trap records of small carnivores from eastern Cambodia, 1999-2013","0.36231884057971"
"57","Asiatic golden cat record from the Kulen-Promtep Wildlife Sanctuary, Cambodia.","Generic Drone Control Platform for Autonomous Capture of Cinema Scenes","0.193103448275862"
"58","Mammal and bird diversity at a salt lick in Kulen-Promtep Wildlife Sanctuary, Northern Cambodia.","Mammal and bird diversity survey using camera traps in the Chebaling National Nature Reserve, Guangdong Province","0.284313725490196"
"59","Small carnivore records from the Oddar Meanchay sector of Kulen-Promtep Wildlife Sanctuary, northern Cambodia","Small carnivore records from Meru Betiri National Park, East Java","0.350877192982456"
"60","Medium and large-sized mammals in a Cerrado area of the state of Goias, Brazil.","Medium- and large-sized mammals in forest remnants of the southern Cerrado: diversity and ecology","0.411764705882353"
"61","Medium and large-sized mammals of RPPN Estacao Veracel, southernmost Bahia, Brazil.","Medium- and large-sized mammals in forest remnants of the southern Cerrado: diversity and ecology","0.369942196531792"
"62","Effects of reflective warning markers on wildlife","Effects of cumulated outdoor activity on wildlife habitat use","0.436363636363636"
"63","TrapCam: an inexpensive camera system for studying deep-water animals","TRAPPER: an open source web-based application to manage camera trapping projects","0.206896551724138"
"64","Collaboration brings hope for the last Amur leopards.","A permanent security post for camera trapping","0.206185567010309"
"65","Medium- and large-sized mammal composition in the Chapada dos Veadeiros National Park and adjacent areas, state of Goias, Brazil","Medium- and large-sized mammals in forest remnants of the southern Cerrado: diversity and ecology","0.284403669724771"
"66","Range expansion: Servals spotted in the Kalahari.","Range extension of Leadbeater's possum (Gymnobelideus leadbeateri)","0.272727272727273"
"67","MEDIUM TO LARGE-SIZED MAMMALS OF THE AUGUSTO RUSCHI BIOLOGICAL RESERVE, SAO PAULO STATE, BRAZIL.","Records of small carnivores from in and around Namdapha Tiger Reserve, Arunachal Pradesh, India","0.194594594594595"
"68","Photographic evidence of the white-tailed deer","PHOTOGRAPHIC EVIDENCE OF THE WHITE-TAILED DEER (ODOCOILEUS VIRGINIANUS) IN THE SANDIA MOUNTAIN RANGE OF BERNALILLO COUNTY, NEW MEXICO","0.517241379310345"
"69","The queen of Tikal and her suitors.","The value of citizen science for ecological monitoring of mammals","0.202020202020202"
"70","THE POLLINATION ECOLOGY OF RHODODENDRON FLOCCIGERUM FRANCHET (ERICACEAE) IN WEIXI, YUNNAN PROVINCE, CHINA.","The pollination system of the widely distributed mammal-pollinated Mucuna macrocarpa (Fabaceae) in the tropics","0.192307692307692"
"71","New records of Persian leopard in Bashagard area, southeastern Iran.","New records of tepezcuincle (Cuniculus paca) in Puebla, Central Mexico","0.285714285714286"
"72","First Camera-trap Photos of Asiatic Black Bears in the Bashagard Region of Southeastern Iran.","First camera-trap record of Small-toothed Palm Civet Arctogalida trivirgata from India","0.274285714285714"
"73","Clouded leopard in Sikles-Bhujung Landscape, Annapurna Conservation Area, Nepal.","Felids, forest and farmland: identifying high priority conservation areas in Sumatra","0.265822784810127"
"74","First record of Yellow-bellied Weasel (Mustela kathiah) from Buxa Tiger Reserve, West Bengal, India.","First record of Blanford's Fox Vulpes cana (Blanford, 1877) from Iraq","0.238993710691824"
"75","Recent records and conservation issues affecting the African wild dog in the Kasigau Corridor, south-east Kenya.","Recent records of Tapirella bairdii and Panthera onca in a region highly transformed by human activities in southern Veracruz, Mexico","0.215767634854772"
"76","Examining Temporal Sample Scale and Model Choice with Spatial Capture-Recapture Models in the Common Leopard Panthera pardus","Examining the state of biodiversity using camera traps in the Pacaya Samiria National Reserve, Peru","0.171945701357466"
"77","First confirmed records of the bush dog (Carnivora: Canidae) for Costa Rica.","FIRST CONFIRMED BAND-RUMPED STORM PETREL OCEANODROMA CASTRO COLONY IN THE HAWAIIAN ISLANDS","0.248447204968944"
"78","Program SPACECAP: software for estimating animal density using spatially explicit capture-recapture models","Dingo Density Estimates and Movements in Equatorial Australia: Spatially Explicit Mark-Resight Models","0.246305418719212"
"79","First photo capture of Asiatic golden cat in Dampa Tiger Reserve, Mizoram, India.","Bird and mammal use of vernal pools along an urban development gradient","0.214765100671141"
"80","Status and conservation significance of ground-dwelling mammals in the Cardamom Rainforest Landscape, southwestern Cambodia.","Status and Conservation of small Carnivores in Chitwan National Park, Nepal (Mammalia: Carnivora)","0.271028037383177"
"81","The status of jungle cat and sympatric small cats in Cambodia's Eastern Plains.","The status of savanna carnivores in the Odzala-Kokoua National Park, northern Republic of Congo","0.2"
"82","The status of large mammals in eastern Cambodia: a review of camera trapping data 1999-2007.","The status of savanna carnivores in the Odzala-Kokoua National Park, northern Republic of Congo","0.208791208791209"
"83","Small-medium wild cats of Endau Rompin Landscape in Johor, Peninsular Malaysia.","The discovery of two spotted leopards (Panthera pardus) in Peninsular Malaysia","0.328947368421053"
"84","ABUNDANCE AND HABITAT SUITABILITY MODEL FOR RATEL (MELLIVORA CAPENSIS) IN SARISKA TIGER RESERVE, WESTERN INDIA.","Populations and activity patterns of clouded leopards and marbled cats in Dampa Tiger Reserve, India","0.213592233009709"
"85","An island of wildlife in a human-dominated landscape: The last fragment of primary forest on the Osa Peninsula's Golfo Dulce coastline, Costa Rica","A paradox of local abundance amidst regional rarity: the value of montane refugia for Persian leopard conservation","0.203921568627451"
"86","First camera trap record of crab-eating fox on Auyan Tepui, Venezuela.","FIRST CAMERA TRAP RECORD OF RED PANDA AILURUS FULGENS (CUVIER, 1825) (MAMMALIA: CARNIVORA: AILURIDAE) FROM KHANGCHENDZONGA, SIKKIM, INDIA","0.328205128205128"
"87","First camera trap photo of marbled cat in Ulu Sat Permanent Forest Reserve, Malaysia.","First record of the Asiatic black bear in the southern part of Hakone, Kanagawa, Japan","0.251497005988024"
"88","Pallas's cat photographed in Qurumber National Park, Gilgit-Baltistan, Pakistan.","Large mammal richness in Llanganates National Park, Ecuador","0.270676691729323"
"89","Camera trap study of Persian leopard in Golestan National Park, Iran.","Camera trap survey of wildlife in Buergen Beaver National Nature Reserve, Xinjiang","0.337837837837838"
"90","Rhesus macaque eradication to restore the ecological integrity of Desecheo National Wildlife Refuge, Puerto Rico.","Photos provide information on age, but not kinship, of Andean bear","0.194285714285714"
"91","Preliminary results for golden jackal (Canis aureus) survey in Austria.","Preliminary Results from a Wildfire Detection System Using Deep Learning on Remote Camera Images","0.25609756097561"
"92","Spatio-temporal ecology of sympatric felids on Borneo. Evidence for resource partitioning?","Spatiotemporal ecology of the striped hog-nosed skunk Conepatus semistriatus (Carnivora, Mephitidae) in a seasonally dry forest of northeastern Brazil","0.266094420600858"
"93","The hairy-nosed otter Lutra sumatrana in Cambodia: distribution and notes on ecology and conservation.","Community-level modelling of boreal forest mammal distribution in an oil sands landscape","0.258064516129032"
"94","African golden cat, caracal and serval in the Chinko/Mbari Drainage Basin, CAR.","African golden cats, citizen science, and serendipity: tapping the camera trap revolution","0.260869565217391"
"95","Photographic record of rusty-spotted cats in Tipeshwar Wildlife Sanctuary, India.","Photographic record of Dholes predating on a young Banteng in southwestern Java, Indonesia","0.29940119760479"
"96","Incubation and nest-defence behaviour of Streaky-breasted Flufftail Sarothrura boehmi in Zambia.","Evaluating and integrating spatial capture-recapture models with data of variable individual identifiability","0.19"
"97","FIRST SYSTEMATIC SURVEY FOR OTTER (Lutra lutra) IN LADAKH, INDIAN TRANS HIMALAYAS.","First camera-trap record of Small-toothed Palm Civet Arctogalida trivirgata from India","0.185185185185185"
"98","Camera trap records of dholes in Khao Ang Rue Nai Wildlife Sanctuary, Thailand.","CAMERA TRAP RECORDS OF TERRESTRIALITY IN FIVE PERUVIAN PRIMATE COMMUNITIES","0.397350993377483"
"99","Camera-trap records of tigers at high altitudes in Bhutan.","Camera-trap records of small carnivores from eastern Cambodia, 1999-2013","0.384"
"100","Baird's tapirs Tapirus bairdii in Nicaragua.","Camera trap survey of animals in Xishuangbanna Forest Dynamics Plot, Yunnan","0.206896551724138"
"101","PHOTOGRAPHIC RECORDS OF EURASIAN OTTER Lutra lutra FROM THE CENTRAL INDIAN LANDSCAPE.","Photographic record of Dholes predating on a young Banteng in southwestern Java, Indonesia","0.312138728323699"
"102","First Camera Trap Record of the Malayan Sun Bear from Assam, Northeast India.","FIRST CAMERA TRAP RECORD OF NAKED-TAILED ARMADILLO Cabassous centralis (CINGULATA, CHLAMYPHORIDAE) IN CORDOBA DEPARTMENT, COLOMBIA","0.33"
"103","Camera trap record of inland fishing cat from east coastal plains of South India.","Camera trap records of leucistic Eurasian badgers (Meles meles) in central Norway","0.30188679245283"
"104","Nesting of the Chinese Bush Warbler (Tribura tacsanowskia, Sylviidae, Passeriforms) in the Amur Region","Mammals of the private nature reserves of Altagracia, Casanare, Colombia","0.214285714285714"
"105","Estimating tiger and its prey abundance in Bardia National Park, Nepal.","Estimating the abundance of Nepal's largest population of tigers Panthera tigris","0.27027027027027"
"106","A Camera-trap Survey Documents Widespread Distribution of Over-wintering Golden Eagles in Western North Carolina.","A camera-trap survey of avifauna in a Bornean peat-swamp forest","0.245614035087719"
"107","Colours and Spots: Do they Tell the Story of an Ocelot's Origin?","Winter bait stations as a multispecies survey tool","0.18018018018018"
"108","FIRST CAMERA TRAP RECORD OF STRIPED HYENA IN DEUKHURI VALLEY, DANG, NEPAL.","FIRST CAMERA TRAP RECORD OF RED PANDA AILURUS FULGENS (CUVIER, 1825) (MAMMALIA: CARNIVORA: AILURIDAE) FROM KHANGCHENDZONGA, SIKKIM, INDIA","0.341708542713568"
"109","Patterns of salt lick use by mammals and birds in northeastern Cambodia.","Using camera traps to survey mammals and birds in Sichuan Xuebaoding National Nature Reserve","0.306748466257669"
"110","Small wildcats of Sri Lanka - some recent records.","First nestings of the Baillon's Crake Zapornia pusilla in Wallonia","0.194690265486726"
"111","Status and distribution of the leopard in the central hills of Sri Lanka.","Status and Distribution of the Eastern Spotted Skunk in Maryland: A Historic Review and Recent Assessment","0.409090909090909"
"112","Population Dynamic of Far Eastern Leopard (Panthera pardus orientalis) in Wangqing Nature Reserve Based on Infrared Camera Monitoring.","Population dynamics and space use of wild boar in a tropical forest, Southwest China","0.224299065420561"
"113","Terrestrial mammals of Bannerghatta National Park, Karnataka, India: A camera-trap inventory and seasonal assessments.","Terrestrial mammal responses to habitat structure and quality of remnant riparian forests in an Amazonian cattle-ranching landscape","0.222222222222222"
"114","PHOTOGRAPHIC RECORD OF SYMPATRY BETWEEN ASIAN SMALL-CLAWED OTTER AND SMOOTH-COATED OTTER IN THE NORTHERN WESTERN GHATS, INDIA.","Photographic record of Dholes predating on a young Banteng in southwestern Java, Indonesia","0.265402843601896"
"115","Application of Photographic Capture-Recapture Sampling for Estimating Abundance of Indian Mouse Deer Moschiola indica.","APPLICATION OF CAMERA TRAPS TO THE STUDY OF A BROWN BEAR (URSUS ARCTOS) POPULATION IN THE CENTRAL FOREST NATURE RESERVE","0.180257510729614"
"116","Shadowed by the ghost: the Eurasian lynx in Nepal.","Quantifying meso-mammal cave use in central Texas","0.1875"
"117","Camera-trap record of felid species from Kanchanjuri wildlife corridor, Assam, India.","Camera-trap records of small carnivores from Gedu Territorial Forest Division, Bhutan","0.280487804878049"
"118","Distribution update Return of the wolf to the Nyesyang Valley, Manang District, Nepal.","Distribution of Female Wolverines Relative to Snow Cover, Alberta, Canada","0.25974025974026"
"119","Rusty-spotted cat: 12th cat species discovered in Western Terai of Nepal.","SYMPATRY AMONG THREE SUID SPECIES (FAMILY SUIDAE) ON THE NORTH COAST OF KENYA","0.179310344827586"
"120","Estimating wildlife activity curves: comparison of methods and sample size","Estimating Alpine ibex Capra ibex abundance from photographic sampling","0.265734265734266"
"121","Diet and Habitat Requirements of the Philippine Endemic Frugivorous Monitor Lizard Varanus bitatawa.","Seasonal habitat requirements of Lemon Dove (Aplopelia larvata) in coastal forest: camera-trap surveys of a reclusive species","0.236363636363636"
"122","Mammal records and conservation threats in Siem Pang Wildlife Sanctuary and Siem Pang Khang Lech Wildlife Sanctuary, Cambodia.","Monitoring body condition score of reintroduced banteng (Bos javanicus D'Alton, 1923) into Salakphra Wildlife Sanctuary, Thailand","0.25"
"123","Runtime Adaptation of Applications Using Design Of Experiments: A Smartphone-Based Case Study","Density Estimation of Unmarked Populations Using Camera Traps in Heterogeneous Space","0.194285714285714"
"124","Records of rusty-spotted cat, Sri Lankamalleshwara Wildlife Sanctuary, India.","Records of Rusty-Spotted Cat Prionailurus rubiginosus (I. Geoffroy Saint-Hilaire, 1831) (Mammalia: Carnivora: Felidae) in Mount Abu Wildlife Sanctuary, Rajasthan, India","0.2882096069869"
"125","Notes on the fishing cats of the Godavari delta, Andhra Pradesh, India.","Notes on the distribution and status of small carnivores in Gabon","0.285714285714286"
"126","White-backed Vulture Gyps africanus parental care and chick growth rates assessed by camera traps and morphometric measurements","Influence of camera-trap sampling design on mammal species capture rates and community structures in southeastern Brazil","0.155102040816327"
"127","Modelling fine-scale habitat associations of medium-to-large forest mammals in the Udzungwa Mountains of Tanzania using camera trapping","Factors and mechanisms that explain coexistence in a Mediterranean carnivore assemblage: An integrated study based on camera trapping and diet","0.212454212454212"
"128","Remote camera capture of a Powerful Owl Ninox strenua bathing and drinking.","Remote camera network tracks Antarctic species at low cost","0.257575757575758"
"129","ON THE RELIABILITY OF EXPERT IDENTIFICATION OF SMALL-MEDIUM SIZED MAMMALS FROM CAMERA TRAP PHOTOS.","REVIEW OF SOME ACTUAL METHODS OF STORAGE, PROCESSING AND ANALYSIS OF DATA FROM CAMERA TRAPS IN ZOOLOGICAL RESEARCH","0.220095693779904"
"130","Common leopard and snow leopard co-existence in Sanjiangyuan, Qinghai, China.","Ocelot (Leopardus pardalis) Density in Central Amazonia","0.174603174603175"
"131","THE ORION CAMERA SYSTEM, A NEW METHOD FOR DEPLOYING CAMERA TRAPS IN TREE CANOPY TO STUDY ARBOREAL PRIMATES AND OTHER MAMMALS: A CASE STUDY IN PANAMA.","A COMPLEX APPROACH TO STUDY THE AMUR LEOPARD USING CAMERA TRAPS IN PROTECTED AREAS IN THE SOUTHWEST OF PRIMORSKY KRAI (RUSSIAN FAR EAST)","0.207142857142857"
"132","Distribution update. New records of bush dog in Panama.","Distributional shifts in a biodiversity hotspot","0.28"
"133","New record for bush dog in Amapa State, Eastern Brazilian Amazonia.","Records of the bush dog (Speothos venaticus) in Central Amazonia, Brazil","0.253731343283582"
"134","Identifying Individual Snow Leopards from Camera Trap Images","Identifying individual cougars (Puma concolor) in remote camera images - implications for population estimates","0.311377245508982"
"135","Coupling visitor and wildlife monitoring in protected areas using camera traps","Scoring Body Condition in Wild Baird's Tapir (Tapirus bairdii) Using Camera Traps and Opportunistic Photographic Material","0.244897959183674"
"136","Systematic survey efforts of the African golden cat - Part 2. Results from Uganda.","Estimation of the Numbers of the Far Eastern Leopard (Panthera pardus) in Russia","0.24203821656051"
"137","Camera trap records of rusty-spotted cat from Similipal Tiger Reserve, Odisha, India.","CAMERA TRAP RECORDS OF TERRESTRIALITY IN FIVE PERUVIAN PRIMATE COMMUNITIES","0.348387096774194"
"138","FIRST PHOTOGRAPHIC DOCUMENTATION AND DISTRIBUTION OF THE SMOOTH-COATED OTTER Lutrogale perspicillata IN SIMILIPAL TIGER RESERVE, ODISHA, INDIA.","First photographic records of bush dogs (Speothos venaticus) from camera-traps in Guyana","0.241071428571429"
"139","ASIAN ELEPHANT How elephants learn to cope: a camera trap study from Kodagu, India.","Defaunation of large mammals leads to an increase in seed predation in the Atlantic forests","0.198830409356725"
"140","A Survey of Mammals and Birds Diversity in Jianfengling District of Hainan Province by Using Camera-Trapping.","A survey of mammals and birds using camera traps in Badagongshan Forest Dynamics Plot, Central China","0.330097087378641"
"141","Status of the common leopard in Afghanistan.","Record of the ocelot (Leopardus pardalis) in the state of Zacatecas, Mexico","0.31304347826087"
"142","And then there was one: a camera trap survey of…","And Then There Was One: a camera trap survey of the declining population of African Elephants in Knysna, South Africa","0.567901234567901"
"143","DISTRIBUTION OF PACIFIC MARTEN IN COASTAL OREGON.","Distribution of Female Wolverines Relative to Snow Cover, Alberta, Canada","0.319327731092437"
"144","NEW OBSERVATIONS OF LIVING Echimys saturnus (DARK TREE RAT, ECHIMYIDAE) FROM EASTERN ECUADOR","Effects of human traffic on use of trails by mammals in lowland forest of eastern Ecuador","0.235955056179775"
"145","Ocelot (Leopardus pardalis) density in Eastern Ecuador based on capture-recapture analyses of camera trap data.","Ocelot (Leopardus pardalis) Density in Central Amazonia","0.4875"
"146","The first record of caracal in Bamu National Park, Iran.","The First Record of Melanistic Leopard in Udanti-Sitanadi Tiger Reserve, Chhattisgarh, India","0.335664335664336"
"147","First photographic record of a serval in Bwindi Impenetrable National Park, south-western Uganda.","First photographic record of marbled cat Pardofelis marmorata Martin, 1837 Mammalia, Carnivora, Felidae) in Nepal","0.315270935960591"
"148","Habitat utilization of the Sumatran rhinos (Dicerorhinus sumatrensis harrissoni) in Kutai Barat forest, East Kalimantan, Indonesia.","Habitat suitability and movement corridors of grey wolf (Canis lupus) in Northern Pakistan","0.186915887850467"
"149","Recent records of fishing cat and its conservation in coastal South India.","Recent records of Large-spotted Civet Viverra megaspila from Peninsular Malaysia","0.276315789473684"
"150","Analysis on the habitat use of bearded pigs in Sarawak.","Behavior of the European brown bear at rub trees","0.274509803921569"
"151","Simulation study to inform the design of wildcat camera trap monitoring protocols.","Accurate population estimation of Caprinae using camera traps and distance sampling","0.231707317073171"
"152","Differentiating Asiatic Black Bears and Sun Bears From Camera-Trap Photographs.","DISTRIBUTION OF ASIATIC BLACK BEAR AND ITS INTERACTION WITH HUMANS IN JIGME SINGYE WANGCHUCK NATIONAL PARK, BHUTAN","0.294736842105263"
"153","Macho Uno: a sign of hope for the jaguars of Corcovado National Park, Costa Rica.","Camera trap survey for mammals and birds in the Houhe National Nature Reserve, Hubei Province","0.211764705882353"
"154","Large wild mammals detected by camera trap in Soku Wildlife Reservoir Area.","Temporal road closures improve habitat quality for wildlife","0.225563909774436"
"155","Occurrence of melanistic leopard in Odisha, eastern India.","Occurrence of invasive mammals in southern Nahuel Huapi National Park","0.32"
"156","Bornean clouded leopard minimum home range analysis, Indonesian Borneo.","Reserves as double-edged sword: Avoidance behavior in an urban-adjacent wildland","0.164383561643836"
"157","Detection of a snow leopard population in northern Bortala, Xinjiang, China.","The brown bear Ursus arctos population in Lar Wildlife Refuge, northern Iran","0.256756756756757"
"158","Land management strategies can increase oil palm plantation use by some terrestrial mammals in Colombia","Do conservation strategies that increase tiger populations have consequences for other wild carnivores like leopards?","0.191780821917808"
"159","Camera trapping of long-tailed goral (Naemorhedus caudatus) in BaekAm and Geumjong Mountains, South Korea.","Camera trapping of medium and large-sized mammals in western Black Sea deciduous forests in Turkey","0.303030303030303"
"160","Estimating population density of leopard cat (Prionailurus bengalensis) from camera traps in Maekdo riparian park, South Korea.","Estimating Population Density From Presence-Absence Data Using a Spatially Explicit Model","0.303317535545024"
"161","Mammal communities are larger and more diverse in moderately developed areas","Marine communities of the newly created Kawesqar National Reserve, Chile: From glaciers to the Pacific Ocean","0.230769230769231"
"162","Is the domestic dog becoming an abundant species in the Atlantic forest? A study case in southeastern Brazil","Contribution of wildlife management units to the conservation of terrestrial mammals in southeastern Mexico","0.252336448598131"
"163","The first camera-trap images of the little-known Sulawesi Woodcock Scolopax celebensis from the Minahasa Peninsula, Sulawesi, Indonesia","Combining camera-trapping and noninvasive genetic data in a spatial capture-recapture framework improves density estimates for the jaguar","0.180451127819549"
"164","Results of Project on Supplemental Feeding of Vultures in Ustyurt State Nature Reserve (Kazakhstan) in 2016.","Effects of coordinated poison-baiting programs on survival and abundance in two red fox populations","0.177339901477833"
"165","First camera trap record of Persian leopard in Ustyurt State Nature Reserve, Kazakhstan.","FIRST CAMERA TRAP RECORD OF NAKED-TAILED ARMADILLO Cabassous centralis (CINGULATA, CHLAMYPHORIDAE) IN CORDOBA DEPARTMENT, COLOMBIA","0.33175355450237"
"166","Probability of presence of terrestrial mammals in the buffer zone of a protected area in southeast Peru.","Wildlife inventory from camera-trapping surveys in the Azores (Pico and Terceira islands)","0.17989417989418"
"167","Second record of a melanistic Asiatic golden cat in Sumatra.","Recent records of dhole (Cuon alpinus, Pallas 1811) in Uttarakhand, Western Himalaya, India","0.248275862068966"
"168","Distribution of the dhole in its northern range limits in the Western Ghats, India.","Distribution patterns of wild felids (Carnivora: Felidae) in the dry tropics of Central-Western Mexico","0.301675977653631"
"169","Camera Traps Unveil Enigmatic Crop Raiders in Udawalawe, Sri Lanka.","Camera Traps Can Be Heard and Seen by Animals","0.290909090909091"
"170","New record of Asiatic wildcat from Central Indian landscape.","New record of giant anteater Myrmecophaga tridactyla (Pilosa, Myrmecophagidae) in Northeast Brazil","0.25974025974026"
"171","First photographic record of Asiatic wildcat in Bandhavgarh TR, India.","First photographic record of marbled cat Pardofelis marmorata Martin, 1837 Mammalia, Carnivora, Felidae) in Nepal","0.384180790960452"
"172","First photographic record of the Persian leopard in Kurdistan, northern Iraq.","First photographic record of marbled cat Pardofelis marmorata Martin, 1837 Mammalia, Carnivora, Felidae) in Nepal","0.41304347826087"
"173","Direct observations on the behaviour and group patterns of Bawean warty pigs (Sus blouchi) on Bawean island, Indonesia.","Dyadic associations reveal clan size and social network structure in the fission-fusion society of spotted hyaenas","0.219298245614035"
"174","The lowland tapir Tapirus terrestris is back to the largest protected area of Cerrado in the state of Sao Paulo, Brazil.","The role of human outdoor recreation in shaping patterns of grizzly bear-black bear co-occurrence","0.234741784037559"
"175","Record of a mountain tapir attacked by an Andean bear on a camera trap.","Sooner, closer, or longer: detectability of mesocarnivores at camera traps","0.25531914893617"
"176","New camera-trap records for bush dog (Speothos venaticus) in Colombia.","Apex predators decline after an influx of pastoralists in former Central African Republic hunting zones","0.201183431952663"
"177","Distribution and uses of armadillos in flooded savannas of Arauca, Colombia.","Distribution and habitat preference of roe deer (Capreolus capreolus L.) in Duzce Province (Turkey)","0.297619047619048"
"178","Parameter-expanded data augmentation for Bayesian analysis of capture-recapture models","Robust ecological analysis of camera trap data labelled by a machine learning model","0.167664670658683"
"179","The camera trap as a powerful tool for mammal sightings to improve the knowledge of species distribution and diversity records in Colombia.","Are camera traps a reliable method for estimating activity patterns? A case study comparing technologies for estimating brown hyaena activity curves","0.189473684210526"
"180","A golden soldierfly, Ptecticus aurifer, hints suitable locations for automatic trail camera targeting Japanese badger.","The road less travelled: assessing variation in mammal detection probabilities with camera traps in a semi-arid biodiversity hotspot","0.163265306122449"
"181","First record of Hose's Civet Diplogale hosei from Indonesia, and records of other carnivores in the Schwaner Mountains, Central Kalimantan, Indonesia","First record of Honey Badger Mellivora capensis in Deukhuri Valley, Dang district, mid-western Nepal","0.214876033057851"
"182","ECOLOGY OF SAMBAR DEER (Cervus unicolor KERR, 1792) IN SALAKPRA WILDLIFE SANCTUARY, KANCHANABURI PROVINCE.","EVALUATION OF ROAD EXPANSION AND CONNECTIVITY MITIGATION FOR WILDLIFE IN SOUTHERN CALIFORNIA","0.196891191709845"
"183","Distribution Records and Reported Sightings of the White-nosed Coati (Nasua narica) in Texas, with Comments on the Species' Population and Conservation Status.","Cost-benefit analysis of increasing sampling effort in a baited-camera trap survey of an African leopard (Panthera pardus) population","0.205673758865248"
"184","Short Communication: Javan Leopard Cat (Prionailurus bengalensis javanensis Desmarest, 1816) in the Cisokan non-conservation forest areas, Cianjur, West Java, Indonesia.","Use of raised plastic water-pipes by Common Palm Civet Paradoxurus hermaphroditus for habitat connectivity in an anthropogenic environment in West Java, Indonesia","0.15625"
"185","Short Communication: The existence of Javan Leopard (Panthera pardus melas Cuvier, 1809) in the non-conservation forest areas of Cisokan, Cianjur, West Java, Indonesia.","Abundance and density estimates for common leopard Panthera pardus and clouded leopard Neofelis nebulosa in Manas National Park, Assam, India","0.241610738255034"
"186","First pictures of a hunting African golden cat.","First nestings of the Baillon's Crake Zapornia pusilla in Wallonia","0.27027027027027"
"187","PhotoMAT: A Mobile Tool for Aiding in Student Construction of Research Questions and Data Analysis","The hidden risk of using umbrella species as conservation surrogates: A spatio-temporal approach","0.198952879581152"
"188","Trail cameras are a key monitoring tool for determining target and non-target bait-take during rodent removal operations: evidence from Desecheo Island rat eradication.","Using camera trap to investigate animal diversity in Hunan Gaowangjie National Nature Reserve","0.155642023346304"
"189","Nepal's first Pallas's cat.","METROPOLITAN MAMMALS: UNDERSTANDING THE THREATS INSIDE AN URBAN PROTECTED AREA","0.138613861386139"
"190","The re-emergence of African White-backed Vultures (Gyps africanus), White-headed Vultures (Trigonoceps occipitalis) and Lappet-faced Vultures (Torgos tracheliotos) in Liwonde National Park, Malawi.","The new faces of nest predation in agricultural landscapesa wildlife camera survey with artificial nests","0.125"
"191","Non-Panthera cat records from big cat monitoring in Huai Kha Khaeng Wildlife Sanctuary.","Small carnivore records from Meru Betiri National Park, East Java","0.214765100671141"
"192","Strategy of female tigers to avoid infanticide","Efficacy of Trail Cameras to Identify Individual Florida Panthers","0.27027027027027"
"193","DIVERSITY AND ABUNDANCE OF CARNIVOROUS MAMMALS IN SALAK PHRA WILDLIFE SANCTUARY, KANCHANABURI PROVINCE.","Diversity and occupancy of small carnivores within oil palm plantations in central Sumatra, Indonesia","0.228855721393035"
"194","How Does Spatial Study Design Influence Density Estimates from Spatial Capture-Recapture Models?","The spatial distribution and population density of tigers in mountainous terrain of Bhutan","0.195652173913043"
"195","Range extension of Northern Naked-tailed Armadillo, Cabassous centralis Miller, 1899 (Mammalia, Cingulata, Chlamyphoridae), in Belize.","FIRST CAMERA TRAP RECORD OF NAKED-TAILED ARMADILLO Cabassous centralis (CINGULATA, CHLAMYPHORIDAE) IN CORDOBA DEPARTMENT, COLOMBIA","0.4"
"196","Evidences for the Lynx recovery in Bulgaria: the Lynx discovered in Western Rhodopes.","Evidence for rodent- pollination in Erica lanuginosa (Ericaceae)","0.222222222222222"
"197","Camera trap study on melanistic leopard population in Kali Tiger Reserve.","Camera trap survey of wildlife in Buergen Beaver National Nature Reserve, Xinjiang","0.326797385620915"
"198","Home range size of the dhole estimated from camera-trap surveys.","Home range size in central chimpanzees (Pan troglodytes troglodytes) from Loango National Park, Gabon","0.25"
"199","Monitoring of Released Eld's Deer and Hog Deer in Wiang Lor Wildlife Sanctuary, Prayao Province.","Wild Asian elephant Elephas maximus population in Salakpra Wildlife Sanctuary, Thailand","0.301675977653631"
"200","Deforestation and it is Implications for Sumatran tigers in Bukit Barisan Selatan National Park, Sumatra.","Use of mineral licks by mammals and birds in hunted and non-hunted areas of Yasuni National Park, Ecuador","0.203883495145631"
"201","Camera trapping of large mammals in Chhep Wildlife Sanctuary, northern Cambodia.","Camera trapping ocelots: an evaluation of felid attractants","0.308823529411765"
"202","African golden cat confirmed in Mpem et Djim National Park, Cameroon.","African golden cats, citizen science, and serendipity: tapping the camera trap revolution","0.313725490196078"
"203","Recent distribution records, threats and conservation priorities of small cats in Thailand.","Camera-trapping in wildlife research and conservation in China: review and outlook","0.272189349112426"
"204","Six felid species occur outside protected areas in southcentral Bhutan.","Wild Meat Species, Climate Change, and Indigenous Amazonians","0.203125"
"205","Elephant (Elephas maximus) temporal activity, distribution, and habitat use patterns on the tiger's forgotten trails across the seasonally dry, subtropical, hilly Churia forests of Nepal","Opportunity for Thailand's forgotten tigers: assessment of the Indochinese tiger Panthera tigris corbetti and its prey with camera-trap surveys","0.144200626959248"
"206","First camera trap record of pack hunting dholes in Chitwan National Park, Nepal.","FIRST CAMERA TRAP RECORD OF NAKED-TAILED ARMADILLO Cabassous centralis (CINGULATA, CHLAMYPHORIDAE) IN CORDOBA DEPARTMENT, COLOMBIA","0.315270935960591"
"207","First photographic evidence of a Pallas's cat in Jigme Dorji National Park, Bhutan.","First Photographic Evidence of Flat-Headed Cats (Prionailurus planiceps) in Pasoh Forest Reserve, Peninsular Malaysia","0.362694300518135"
"208","Record of two jaguar cubs suckling from their mother in the wild.","Record of the ocelot (Leopardus pardalis) in the state of Zacatecas, Mexico","0.25"
"209","Mating behaviour of Indian leopard.","Marking behavior of Andean bears in an Ecuadorian cloud forest: a pilot study","0.236363636363636"
"210","Arabian sand cats in 'Uruq Bani Ma'arid reserve, Empty Quarter of Saudi Arabia.","Software for minimalistic data management in large camera trap studies","0.179310344827586"
"211","Camera traps in beaver burrows: monitoring of species diversity, habitat and season effects.","CAMERA TRAP RECORDS OF TERRESTRIALITY IN FIVE PERUVIAN PRIMATE COMMUNITIES","0.269938650306748"
"212","Investigation of fallow deer (Cervus dama L.) population densities by camera trap method in Antalya Duzlercami Esenadasi Breeding Station.","An evaluation of camera trap performance - What are we missing and does deployment height matter?","0.200873362445415"
"213","First photographic record of rusty-spotted cat from Thane Forest Division, India.","First photographic records of bush dogs (Speothos venaticus) from camera-traps in Guyana","0.355828220858896"
"214","Social interaction and co-occurrence of colour mophs of the Asiatic golden cat, Bhutan.","Effects of vehicle-passing frequency on forest roads on the activity patterns of carnivores","0.241379310344828"
"215","Camera traps reveal Amur tiger breeding in NE China.","Camera Traps Detect Prey of Northern Carnivores","0.36734693877551"
"216","Using camera traps to generate a species inventory for medium-sized…","Using camera traps to generate a species inventory for medium-sized and large mammals in South West Zimbabwe","0.758620689655172"
"217","THE CONSERVATION STATUS OF OTTERS IN PREK TOAL CORE AREA, TONLE SAP LAKE, CAMBODIA.","The conservation status of small carnivores in the Ke Go - Khe Net Lowlands, Central Vietnam","0.341176470588235"
"218","The decline of non-Panthera cat species in Vietnam.","Coexistence of large carnivore species in relation to their major prey in Thailand","0.274809160305344"
"219","Confirmation of the continued presence of the maned wolf in Peru.","Confirmation of the presence of the Japanese giant flying squirrel Petaurista leucogenys (Rodentia, Sciuridae) in Saga, northwestern Kyushu, Japan","0.253658536585366"
"220","Population dynamics and threats to an apex predator outside protected areas: implications for carnivore management","Population dynamics and space use of wild boar in a tropical forest, Southwest China","0.316326530612245"
"221","Using Motion Detection Cameras to Monitor Common Loon Nests in the Turtle Flambeau Flowage Scenic Waters Area, 2012.","Using machine learning to predict habitat suitability of sloth bears at multiple spatial scales","0.200956937799043"
"222","Abundance and Distribution of Some Viverrid Species in Huai Kha Khaeng Wildlife Sanctuary.","Diversity and distribution of small carnivores in a miombo woodland within the Katavi region, Western Tanzania","0.242424242424242"
"223","Binocular Camera Trap for Wildlife Detection","Automatic Camera Selection in the Context of Basketball Game","0.269230769230769"
"224","Filling the gap - Melanistic jaguars in Panama.","FINDING AREAS OF MOTION IN CAMERA TRAP IMAGES","0.244444444444444"
"225","Fishing cat camera trapped in Babai Valley of Bardia National Park, Nepal.","Camera trap survey of mammals in the Fazao-Malfakassa National Park, Togo, West Africa","0.258064516129032"
"226","UPDATE ON THE MAMMALS OF CHINATI MOUNTAINS STATE NATURAL AREA, TEXAS.","Use of environmental DNA (eDNA) in streams to detect feral swine (Sus scrofa)","0.2"
"227","Biodiversity Assessment of Mammal and Bird Species from Camera Trap Data in Yanchiwan National Nature Reserve, Gansu Province, China.","How many feral cats can be individually identified from camera trap images? Population monitoring, ecological utility and camera trap settings","0.222222222222222"
"228","Abundance, prey, and activity period of dholes (Cuon alpinus) in Khao Yai National Park, Thailand.","Small mammal daily activity periods derived using AHDriFT camera traps","0.259259259259259"
"229","Non-volant mammalian species richness in the ecotonal Brazilian midnorth: checklist for Maranhao State","Non-volant mammals of the Ibura National Forest, northeastern Brazil","0.240963855421687"
"230","Research of golden jackal (Canis aureus) in the Nature Park Lonjsko Polje by acoustic and camera traps methods.","Revealing kleptoparasitic and predatory tendencies in an African mammal community using camera traps: a comparison of spatiotemporal approaches","0.184"
"231","USE OF MULTI-LAYER CAMERA TRAPPING TO INVENTORY MAMMALS IN RAINFORESTS IN SOUTHEAST CAMEROON.","The Use of Remote Camera Trapping to Study Cheetahs: Past Reflections and Future Directions","0.276243093922652"
"232","Ecology of an ocelot population at the northern edge of the species' distribution in northern Sonora, Mexico","Estimating occupancy of the Vulnerable northern tiger cat Leopardus tigrinus in Caatinga drylands","0.226600985221675"
"233","Environmental factors influencing the abundance of four species of threatened mammals in degraded habitats in the eastern Brazilian Amazon","Environmental factors regulate occupancy of free-ranging dogs on a sub-Antarctic island, Chile","0.244541484716157"
"234","The effect of communal litter box provision on the defecation behavior of free-roaming cats in old-town Onomichi, Japan","How dependent are ownerless free-roaming cats on water supplied by voluntary cat caretakers in old-town Onomichi, Japan?","0.275862068965517"
"235","New records of predation attempt on Rhinella spp. in the Atlantic Forest: The importance of camera trap in recording species natural history.","New records of the critically endangered Ecuadorian white-fronted capuchin (Cebus aequatorialis) detected by remote cameras","0.193798449612403"
"236","Rewilding of Fukushima's human evacuation zone","Rewilding cities","0.327868852459016"
"237","Diversity, abundance, activity period, and factors affecting the appearance of wildlife around the corridors between Khao Yai-Thap Lan National Parks, Thailand by camera trapping.","Habitat fragmentation and anthropogenic factors affect wildcat Felis silvestris silvestris occupancy and detectability on Mt Etna","0.139072847682119"
"238","Automated Image Recognition for Wildlife Camera Traps: Making it Work for You","Effect of Lure on Detecting Mammals with Camera Traps","0.279069767441861"
"239","Recognition in terra incognita","Composition Context Photography","0.327868852459016"
"240","Towards automatic detection of animals in camera-trap images","Zilong: A tool to identify empty images in camera-trap data","0.344827586206897"
"241","Application of deep learning to camera trap data for ecologists in planning/engineering--Can captivity imagery train a model which generalises to the wild?","Can citizen science analysis of camera trap data be used to study reproduction? Lessons from Snapshot Serengeti program","0.215613382899628"
"242","Minimizing the Annotation Effort for Detecting Wildlife in Camera Trap Images with Active Learning","Estimating the intensity of use by interacting predators and prey using camera traps","0.241758241758242"
"243","Automatic Camera Trap Classification Using Wildlife-Specific Deep Learning in Nilgai Management","Automatic camera-based identification and 3-D reconstruction of electrode positions in electrocardiographic imaging","0.289855072463768"
"244","Train Fast While Reducing False Positives: Improving Animal Classification Performance Using Convolutional Neural Networks","Where should cameras look at soccer games: Improving smoothness using the overlapped hidden Markov model","0.1875"
"245","Desert bighorn sheep (Ovis canadensis) recognition from camera traps based on learned features","Deep Learning Object Detection Methods for Ecological Camera Trap Data","0.209876543209877"
"246","Iterative Human and Automated Identification of Wildlife Images","Camera Angle and Photographic Identification of Individual Striped Skunks","0.323529411764706"
"247","U-Infuse: Democratization of Customizable AI for Object Detection","U-Infuse: Democratization of Customizable Deep Learning for Object Detection","0.598540145985402"
"248","Automated Image Recognition for Wildlife Camera Traps: Making it Work for You","Effect of Lure on Detecting Mammals with Camera Traps","0.279069767441861"
"249","Sequence Information Channel Concatenation for Improving Camera Trap Image Burst Classification","Constrained Multiple Planar Reconstruction for Automatic Camera Calibration of Intelligent Vehicles","0.216494845360825"
"250","Synthetic examples improve generalization for rare classes","Automatically Stereoscopic Camera Control for 3D Animation Production","0.251968503937008"
"251","“How many images do I need?” Understanding how sample size per class affects deep learning model performance metrics for balanced designs in autonomous wildlife monitoring","Estimating Species Richness and Modelling Habitat Preferences of Tropical Forest Mammals from Camera Trap Data","0.142857142857143"
"252","Dynamic Programming Selection of Object Proposals for Sequence-Level Animal Species Classification in the Wild","Context-based camera selection from multiple video streams","0.204819277108434"
"253","Fast human-animal detection from highly cluttered camera-trap images using joint background modeling and deep learning classification","Capturing and Marking Raccoons for Individual Recognition in Camera Studies using Tail-fur Clipping and Dyes","0.151260504201681"
"254","Sorting camera trap images","Testing camera traps as a potential tool for detecting nest predation of birds in a tropical rainforest environment","0.226950354609929"
"255","Individual identification of wild giant pandas from camera trap photos – a systematic and hierarchical approach","Individual identification of wild giant pandas from camera trap photos - a systematic and hierarchical approach","0.65158371040724"
"256","Animal identification in low quality camera-trap images using very deep convolutional neural networks and confidence thresholds","Distribution patterns of wild felids (Carnivora: Felidae) in the dry tropics of Central-Western Mexico","0.169642857142857"
"257","Efficient pipeline for camera trap image review","Automatic display of remote camera image","0.275862068965517"
